-- phpMyAdmin SQL Dump
-- version 4.5.5.1
-- http://www.phpmyadmin.net
--
-- Host: 127.0.0.1
-- Generation Time: 2018-01-22 15:29:40
-- 服务器版本： 5.7.11
-- PHP Version: 5.6.19

SET SQL_MODE = "NO_AUTO_VALUE_ON_ZERO";
SET time_zone = "+00:00";


/*!40101 SET @OLD_CHARACTER_SET_CLIENT=@@CHARACTER_SET_CLIENT */;
/*!40101 SET @OLD_CHARACTER_SET_RESULTS=@@CHARACTER_SET_RESULTS */;
/*!40101 SET @OLD_COLLATION_CONNECTION=@@COLLATION_CONNECTION */;
/*!40101 SET NAMES utf8*/;

--
-- Database: `mysite`
--

-- --------------------------------------------------------

--
-- 表的结构 `address`
--

CREATE TABLE `address` (
  `id` int(10) UNSIGNED NOT NULL COMMENT 'id' AUTO_INCREMENT primary key,
  `name` varchar(30) NOT NULL COMMENT '收件人',
  `phone` bigint(20) UNSIGNED NOT NULL COMMENT '联系电话',
  `address` varchar(50) NOT NULL COMMENT '收货地址',
  `user_id` int(10) UNSIGNED NOT NULL COMMENT '用户',
  `isdefault` tinyint(4) NOT NULL DEFAULT '0'
) ;

--
-- 转存表中的数据 `address`
--

INSERT INTO `address` (`id`, `name`, `phone`, `address`, `user_id`, `isdefault`) VALUES
(3, 'sdas', 15827814045, '萨达萨达撒飞洒发萨达沙发撒飞洒发啊算法的', 4, 0),
(4, 'casda', 12323421231, 'cds', 4, 1),
(5, '额额去', 12345678905, '大大', 4, 0);

-- --------------------------------------------------------

--
-- 表的结构 `advertising`
--

CREATE TABLE `advertising` (
  `id` int(10) UNSIGNED NOT NULL COMMENT 'id' AUTO_INCREMENT primary key,
  `img` varchar(100) NOT NULL COMMENT '广告图片',
  `place` tinyint(3) UNSIGNED NOT NULL COMMENT '广告位置',
  `url` varchar(200) NOT NULL COMMENT '广告链接',
  `isshow` tinyint(4) NOT NULL DEFAULT '1' COMMENT '是否显示广告'
) ENGINE=MyISAM DEFAULT CHARSET=utf8;

--
-- 转存表中的数据 `advertising`
--

INSERT INTO `advertising` (`id`, `img`, `place`, `url`, `isshow`) VALUES
(21, '15161703841675160119.png', 5, 'http://www.baidu.com', 1),
(22, '15161703941868895410.png', 6, 'http://www.baidu.com', 1),
(20, '1516170373493977866.png', 4, 'http://www.baidu.com', 1),
(19, '1516170362762588741.png', 3, 'http://www.baidu.com', 1),
(17, '1516170339747129882.png', 1, 'http://www.baidu.com', 1),
(18, '15161703512064665748.png', 2, 'http://www.baidu.com', 1),
(23, '1516170404392332461.png', 7, 'http://www.baidu.com', 1);

-- --------------------------------------------------------

--
-- 表的结构 `awardshop`
--

CREATE TABLE `awardshop` (
  `id` int(10) UNSIGNED NOT NULL COMMENT 'id' AUTO_INCREMENT primary key,
  `name` varchar(50) NOT NULL COMMENT '商品名称',
  `intro` varchar(100) NOT NULL COMMENT '商品简介',
  `img` varchar(100) NOT NULL COMMENT '商品图片',
  `price` int(10) UNSIGNED NOT NULL COMMENT '所需积分',
  `salesVolume` int(10) UNSIGNED NOT NULL DEFAULT '0',
  `repertory` int(10) UNSIGNED NOT NULL,
  `goodsShelf` tinyint UNSIGNED NOT NULL,
  `mail` tinyint UNSIGNED NOT NULL,
  `award` int(10) UNSIGNED NOT NULL,
  `address` varchar(200) NOT NULL,
  `evaluate_id` int(10) UNSIGNED NOT NULL
) ENGINE=MyISAM DEFAULT CHARSET=utf8;

--
-- 转存表中的数据 `awardshop`
--

INSERT INTO `awardshop` (`id`, `name`, `intro`, `img`, `price`, `salesVolume`, `repertory`, `goodsShelf`, `mail`, `award`, `address`, `evaluate_id`) VALUES
(2, 'sdadqd', 'wdasdafa', '1516021634156753969.jpg', 12312, 0, 213123, 1, 1, -2131, '湖北随州', 0);

-- --------------------------------------------------------

--
-- 表的结构 `bclassify`
--

CREATE TABLE `bclassify` (
  `id` int(10) UNSIGNED NOT NULL COMMENT 'id' AUTO_INCREMENT primary key,
  `name` varchar(30) NOT NULL COMMENT '内容'
) ENGINE=MyISAM DEFAULT CHARSET=utf8;

--
-- 转存表中的数据 `bclassify`
--

INSERT INTO `bclassify` (`id`, `name`) VALUES
(1, '男装'),
(2, '女装'),
(3, '童装'),
(4, '孕妇装'),
(5, '戏服');

-- --------------------------------------------------------

--
-- 表的结构 `carousel`
--

CREATE TABLE `carousel` (
  `id` int(10) UNSIGNED NOT NULL COMMENT 'id' AUTO_INCREMENT primary key,
  `img` varchar(100) NOT NULL COMMENT '轮播图图片',
  `shop_id` int(10) UNSIGNED NOT NULL COMMENT '商品id',
  `isshow` tinyint(4) NOT NULL DEFAULT '1' COMMENT '是不是显示'
) ENGINE=MyISAM DEFAULT CHARSET=utf8;

--
-- 转存表中的数据 `carousel`
--

INSERT INTO `carousel` (`id`, `img`, `shop_id`, `isshow`) VALUES
(33, '15153988231076448668.png', 3, 1),
(30, '1515398778406497889.png', 1, 1),
(31, '1515398786416316302.png', 2, 1);

-- --------------------------------------------------------

--
-- 表的结构 `collect`
--

CREATE TABLE `collect` (
  `id` int(10) UNSIGNED NOT NULL COMMENT 'id' AUTO_INCREMENT primary key,
  `time` varchar(50) NOT NULL COMMENT '时间',
  `user_id` int(10) UNSIGNED NOT NULL COMMENT '用户',
  `shop_id` int(10) UNSIGNED NOT NULL COMMENT '商品'
) ENGINE=MyISAM DEFAULT CHARSET=utf8;

--
-- 转存表中的数据 `collect`
--

INSERT INTO `collect` (`id`, `time`, `user_id`, `shop_id`) VALUES
(1, '2018-01-18 16:07', 4, 1),
(3, '2018-01-18 16:08', 4, 2);

-- --------------------------------------------------------

--
-- 表的结构 `datum`
--

CREATE TABLE `datum` (
  `id` int(10) UNSIGNED NOT NULL COMMENT 'id' AUTO_INCREMENT primary key,
  `img` varchar(100) NOT NULL COMMENT '头像',
  `sex` tinyint(3) UNSIGNED NOT NULL COMMENT '性别',
  `award` int(10) UNSIGNED NOT NULL DEFAULT '0',
  `phone` int unsigned not null comment "联系电话",
  `QQ` int unsigned not null comment "QQ",
  `birthday` char(10) not null comment "生日",
  `address` varchar(50) not null comment "所在地区",
  `user_id` int unsigned not null comment "用户"
) ENGINE=MyISAM DEFAULT CHARSET=utf8;

--
-- 转存表中的数据 `datum`
--

INSERT INTO `datum` (`id`, `img`, `sex`, `award`, `phone`, `QQ`, `birthday`, `address`, `user_id`) VALUES
(1, '', 1, 0, 15827814045, 363639121, '19970728', '湖北省随州市随县', 2),
(2, '', 1, 0, 12345678901, 0, '0', '', 3),
(3, '1516333558917101121.jpg', 1, 0, 12345678909, 123456, '12345678', '2435他的方法的诉讼岁是', 4),
(4, '', 1, 0, 0, 0, '0', '', 22);

-- --------------------------------------------------------

--
-- 表的结构 `evaluate`
--

CREATE TABLE `evaluate` (
  `id` int(10) UNSIGNED NOT NULL COMMENT 'id' AUTO_INCREMENT primary key,
  `content` varchar(300) NOT NULL COMMENT '评价内容',
  `time` varchar(50) NOT NULL COMMENT '评价时间',
  `grade` tinyint(3) UNSIGNED NOT NULL COMMENT '等级',
  `user_id` int(10) UNSIGNED NOT NULL COMMENT '用户',
  `shop_id` int(10) UNSIGNED NOT NULL COMMENT '评价的商品'
) ENGINE=MyISAM DEFAULT CHARSET=utf8;

--
-- 转存表中的数据 `evaluate`
--

INSERT INTO `evaluate` (`id`, `content`, `time`, `grade`, `user_id`, `shop_id`) VALUES
(1, '撒阿萨达', '2018-01-18 16:23', 1, 4, 1),
(2, '撒打发司法所飞洒阿华就曾经爱改阿胶层面考虑撒打发司法所飞洒阿华就曾经爱改阿胶层面考虑撒打发司法所飞洒阿华就曾经爱改阿胶层面考虑撒打发司法所飞洒阿华就曾经爱改阿胶层面考虑', '2018-01-18 16:24', 3, 4, 2);

-- --------------------------------------------------------

--
-- 表的结构 `indent`
--

CREATE TABLE `indent` (
  `id` int(10) UNSIGNED NOT NULL COMMENT 'id' AUTO_INCREMENT primary key,
  `orderNumber` bigint(20) UNSIGNED NOT NULL COMMENT '订单号',
  `states_id` int(10) UNSIGNED NOT NULL DEFAULT '1' COMMENT '订单状态',
  `address_id` int(10) UNSIGNED NOT NULL COMMENT '收获地址',
  `user_id` int(10) UNSIGNED NOT NULL COMMENT '用户',
  `shop_id` int(10) UNSIGNED NOT NULL COMMENT '商品',
  `message_id` int(10) UNSIGNED NOT NULL COMMENT '买家留言'
) ENGINE=MyISAM DEFAULT CHARSET=utf8;

--
-- 转存表中的数据 `indent`
--

INSERT INTO `indent` (`id`, `orderNumber`, `states_id`, `address_id`, `user_id`, `shop_id`, `message_id`) VALUES
(3, 20180116000003, 6, 3, 4, 3, 3),
(4, 20180116000004, 1, 4, 5, 4, 4);

-- --------------------------------------------------------

--
-- 表的结构 `keywords`
--

CREATE TABLE `keywords` (
  `id` int(10) UNSIGNED NOT NULL COMMENT 'id' AUTO_INCREMENT primary key,
  `keyword` varchar(100) NOT NULL COMMENT '关键字',
  `frequency` int(10) UNSIGNED NOT NULL DEFAULT '0'
) ;

--
-- 转存表中的数据 `keywords`
--

INSERT INTO `keywords` (`id`, `keyword`, `frequency`) VALUES
(1, '衣服', 0),
(2, '裤子', 3),
(3, '鞋子', 0),
(4, '帽子', 0),
(5, '袜子', 0),
(7, '短袖', 6),
(8, '长袖', 0),
(9, 'T恤衫', 4),
(10, '羊毛衫', 0),
(11, '外套', 0),
(6, '羽绒服', 0);

-- --------------------------------------------------------

--
-- 表的结构 `lclassify`
--

CREATE TABLE `lclassify` (
  `id` int(10) UNSIGNED NOT NULL COMMENT 'id' AUTO_INCREMENT primary key,
  `name` varchar(30) NOT NULL COMMENT '内容',
  `bclassify_id` int(10) UNSIGNED NOT NULL COMMENT '大分类id'
) ENGINE=MyISAM DEFAULT CHARSET=utf8;

--
-- 转存表中的数据 `lclassify`
--

INSERT INTO `lclassify` (`id`, `name`, `bclassify_id`) VALUES
(1, '衣服', 1),
(2, '裤子', 1),
(3, '鞋子', 1),
(4, '帽子', 1),
(5, '袜子', 1),
(6, '衣服', 2),
(7, '裤子', 2),
(8, '鞋子', 2),
(9, '帽子', 2),
(10, '袜子', 2),
(11, '衣服', 3),
(12, '裤子', 3),
(13, '鞋子', 3),
(14, '帽子', 3),
(15, '袜子', 3),
(16, '衣服', 4),
(17, '裤子', 4),
(18, '鞋子', 4),
(19, '帽子', 4),
(20, '袜子', 4),
(21, '衣服', 5);

-- --------------------------------------------------------

--
-- 表的结构 `message`
--

CREATE TABLE `message` (
  `id` int(10) UNSIGNED NOT NULL COMMENT 'id' AUTO_INCREMENT primary key,
  `content` varchar(100) NOT NULL COMMENT '留言内容',
  `user_id` int(10) UNSIGNED NOT NULL COMMENT '用户',
  `shop_id` int(10) UNSIGNED NOT NULL COMMENT '购买的商品'
) ENGINE=MyISAM DEFAULT CHARSET=utf8;

--
-- 转存表中的数据 `message`
--

INSERT INTO `message` (`id`, `content`, `user_id`, `shop_id`) VALUES
(3, 'adasfasda', 4, 1),
(4, 'czcasdavzxca', 2, 4);

-- --------------------------------------------------------

--
-- 表的结构 `nav`
--

CREATE TABLE `nav` (
  `id` int(10) UNSIGNED NOT NULL COMMENT 'id' AUTO_INCREMENT primary key,
  `content` varchar(100) NOT NULL COMMENT '内容',
  `url` varchar(200) NOT NULL
) ENGINE=MyISAM DEFAULT CHARSET=utf8;

--
-- 转存表中的数据 `nav`
--

INSERT INTO `nav` (`id`, `content`, `url`) VALUES
(1, '精美服装', 'http://www.baidu.com'),
(2, '潮流服装', 'http://www.baidu.com'),
(3, '复古服装', 'http://www.baidu.com'),
(4, '为你挑选', 'http://www.baidu.com'),
(5, '休闲时尚', 'http://www.baidu.com');

-- --------------------------------------------------------

--
-- 表的结构 `pricesection`
--

CREATE TABLE `pricesection` (
  `id` int(10) UNSIGNED NOT NULL COMMENT 'id' AUTO_INCREMENT primary key,
  `section` varchar(30) NOT NULL COMMENT '价格区间'
) ENGINE=MyISAM DEFAULT CHARSET=utf8;

--
-- 转存表中的数据 `pricesection`
--

INSERT INTO `pricesection` (`id`, `section`) VALUES
(1, '0-9'),
(2, '10-30'),
(3, '30-50'),
(4, '50-100'),
(5, '100-300'),
(6, '300-500'),
(7, '500以上');

-- --------------------------------------------------------

--
-- 表的结构 `shop`
--

CREATE TABLE `shop` (
  `id` int(10) UNSIGNED NOT NULL COMMENT 'id' AUTO_INCREMENT primary key,
  `name` varchar(50) NOT NULL COMMENT '商品名称',
  `intro` varchar(100) NOT NULL COMMENT '商品简介',
  `img` varchar(100) NOT NULL COMMENT '商品图片',
  `currentPrice` float UNSIGNED NOT NULL COMMENT '现价',
  `originalPrice` float UNSIGNED NOT NULL COMMENT '原价',
  `salesVolume` int(10) UNSIGNED NOT NULL DEFAULT '0',
  `repertory` int(10) UNSIGNED NOT NULL,
  `goodsShelf` tinyint UNSIGNED NOT NULL,
  `mail` tinyint UNSIGNED NOT NULL,
  `integral` int(10) UNSIGNED NOT NULL DEFAULT '1000',
  `award` int(10) UNSIGNED NOT NULL,
  `address` varchar(200) NOT NULL,
  `lclassify_id` int(10) UNSIGNED NOT NULL,
  `evaluate_id` int(10) UNSIGNED NOT NULL,
  `pricesection_id` int(10) UNSIGNED NOT NULL
) ;

--
-- 转存表中的数据 `shop`
--

INSERT INTO `shop` (`id`, `name`, `intro`, `img`, `currentPrice`, `originalPrice`, `salesVolume`, `repertory`, `goodsShelf`, `mail`, `integral`, `award`, `address`, `lclassify_id`, `evaluate_id`, `pricesection_id`) VALUES
(1, '能天服饰专营店', '秋冬NIAN JEEP户外保暖夹克男青年休闲大码外套加绒冲锋上衣男潮', '1.jpg', 232, 299, 0, 2131, 1, 1, 1000, 1231, '湖北随州', 1, 0, 5),
(2, '英爵伦男装旗舰店', '英爵伦2017新款 冬季男装棉衣 潮流冬装外套保暖加厚棉袄上衣冬天', '2.jpg', 333, 388, 0, 3444, 1, 0, 1000, 333, '湖北随州', 1, 0, 6),
(3, '鑫娜服饰专营店', '英爵伦 2017春秋男式休闲面料夹克 青年纯色简约拉链衫上衣外套潮', '3.jpg', 444, 555, 0, 25, 1, 1, 1000, 555, '湖北随州', 1, 0, 6),
(4, '翰代维简梵专卖店', '花花公子加绒加厚长袖t恤男士卫衣冬季保暖圆领打底衫男装上衣服', '4.jpg', 123, 213, 0, 123, 1, 0, 1000, 2131, '湖北随州', 1, 0, 5),
(5, 'roryjeerry旗舰店', '秋季男士长袖T恤韩版保暖打底衫卫衣潮秋衣学生衣服男装加绒上衣', '5.jpg', 79, 123, 0, 999, 1, 1, 1000, 79, '湖北随州', 1, 0, 4),
(6, 't7t7旗舰店', '秋冬季加厚v领毛衣男士加绒针织衫上衣服潮男装打底衫保暖长袖t恤', '6.jpg', 69, 99, 0, 999, 1, 1, 1000, 69, '湖北随州', 1, 0, 4),
(7, '爱登蒙男装旗舰店', '男士t恤卫衣秋冬季衣服保暖修身潮流个性上衣加绒加厚长袖打底衫', '7.jpg', 169, 299, 0, 999, 1, 1, 1000, 169, '湖北随州', 1, 0, 5),
(8, '迪莱蚂蚁旗舰店', '加绒加厚男士长袖T恤保暖衣服男装冬季毛衣秋衣潮流打底衫男上衣', '8.jpg', 399, 499, 0, 999, 1, 1, 1000, 399, '湖北随州', 1, 0, 6),
(9, '唐帝男装旗舰店', '男士t恤长袖加绒加厚上衣服 男装冬季保暖秋衣青少年卫衣打底小衫', '9.jpg', 1299, 1999, 0, 999, 1, 1, 1000, 1299, '湖北随州', 1, 0, 7),
(10, '翰代维黛薇尔专卖店', '2件】冬季长袖t恤男士卫衣韩版圆领加绒保暖加厚打底衫上衣服男装', '10.jpg', 29, 39, 0, 999, 1, 1, 1000, 292, '湖北随州', 1, 0, 2),
(11, '优衣库官方旗舰店', '女装 优质长绒棉条纹上衣(长袖) 407430 优衣库UNIQLO', '11.jpg', 149, 199, 0, 999, 1, 1, 1000, 149, '湖北随州', 6, 0, 5),
(12, '端木紫旗舰店', '韩版秋冬季长袖连帽卫衣女2017新款学生宽松加绒加厚外套薄款上衣', '12.jpg', 59, 99, 0, 999, 0, 1, 1000, 59, '湖北随州', 6, 0, 4),
(13, '话题旗舰店', '2件】打底衫女长袖秋冬百搭2017新款t恤韩版宽松潮流卫衣女上衣服', '13.jpg', 9, 20, 0, 999, 1, 1, 1000, 9, '湖北随州', 6, 0, 1),
(14, 'hw旗舰店', '【2件59元】2017夏季新款纯棉t恤女短袖圆领宽松显瘦学生女上衣服', '14.jpg', 39, 49, 0, 999, 1, 1, 1000, 39, '湖北随州', 6, 0, 3),
(15, '美特斯邦威官方网店', '连帽卫衣女2017新款ins超火的外套韩版宽松长袖加绒加厚冬上衣服', '15.jpg', 1299, 1999, 0, 999, 1, 1, 1000, 1299, '湖北随州', 6, 0, 7),
(16, '纯妞旗舰店', '半高领毛衣女韩版打底衫秋冬新款加厚长袖修身百搭套头上衣针织衫', '16.jpg', 29, 39, 0, 999, 1, 1, 1000, 292, '湖北随州', 6, 0, 2),
(17, 'qipu旗舰店', '毛衣加厚女冬新款百搭冬季学生上衣宽松绣花短款套头半高领针织衫', '17.jpg', 79, 123, 0, 999, 1, 1, 1000, 79, '湖北随州', 6, 0, 4),
(18, '木澜坠露旗舰店', '长袖衬衫女立领2017秋冬装新款纯棉加绒加厚保暖上衣白衬衣打底衫', '18.jpg', 69, 99, 0, 999, 0, 1, 1000, 69, '湖北随州', 6, 0, 4),
(19, 'jcoolstory旗舰店', '2017秋冬季新款白色加厚加绒套头卫衣女装韩版学生宽松外套上衣潮', '19.jpg', 169, 299, 0, 999, 1, 1, 1000, 169, '湖北随州', 6, 0, 5),
(20, 'lrud旗舰店', 'LRUD针织衫2017秋装新款女装韩版潮套头毛衣女修身长袖打底衫上衣', '20.jpg', 399, 499, 0, 999, 1, 1, 1000, 399, '湖北随州', 6, 0, 6),
(21, '嘻鱼旗舰店', '大童卫衣男童12-15岁男加绒加厚打底衫保暖上衣儿童童装连帽外套', '21.jpg', 148, 199, 0, 999, 1, 1, 1000, 148, '湖北随州', 11, 0, 5),
(22, '元素精灵旗舰店', '童装女童加绒卫衣冬装2017新款韩版儿童大童加厚打底衫保暖上衣潮', '22.jpg', 58, 99, 0, 999, 0, 1, 1000, 58, '湖北随州', 11, 0, 4),
(23, '米奇丁当旗舰店', '米奇丁当女童打底衫半高领纯棉长袖2017童装女冬装T恤中大童上衣', '23.jpg', 8, 20, 0, 999, 1, 1, 1000, 8, '湖北随州', 11, 0, 1),
(24, '优衣库官方旗舰店', '童装/男童 法兰绒格子衬衫(长袖) 402966 优衣库UNIQLO', '24.jpg', 38, 49, 0, 999, 1, 1, 1000, 38, '湖北随州', 11, 0, 3),
(25, '小猪班纳旗舰店', '小猪班纳童装男童长袖T恤2017春秋装儿童圆领打底衫男中大童体恤', '25.jpg', 1298, 1999, 0, 999, 1, 1, 1000, 1298, '湖北随州', 11, 0, 7),
(26, '优衣库官方旗舰店', '童装/男童 法兰绒格子衬衫(长袖) 402967 优衣库UNIQLO', '26.jpg', 28, 39, 0, 999, 1, 1, 1000, 28, '湖北随州', 11, 0, 2),
(27, '安奈儿旗舰店', '安奈儿童装女童纯棉高领打底衫男童长袖T恤冬季内搭保暖上衣1031', '27.jpg', 78, 123, 0, 999, 1, 1, 1000, 78, '湖北随州', 11, 0, 4),
(28, '蓝布坊旗舰店', '蓝布坊童装男童长袖T恤春装2018新款儿童薄款纯棉体恤衫宝宝上衣', '28.jpg', 68, 99, 0, 999, 0, 1, 1000, 68, '湖北随州', 11, 0, 4),
(29, '安奈儿旗舰店', '安奈儿童装女童娃娃领长袖T恤中大童纯棉打底polo衫冬EG431614', '29.jpg', 168, 299, 0, 999, 1, 1, 1000, 168, '湖北随州', 11, 0, 5),
(30, '米奇丁当旗舰店', '米奇丁当童装女童打底衫长袖T恤春秋2018新款儿童女孩纯色上衣潮', '30.jpg', 398, 499, 0, 999, 1, 1, 1000, 398, '湖北随州', 11, 0, 6),
(31, '十月伊人旗舰店', '2018新款孕妇春装t恤纯棉长袖孕妇装秋冬上衣加绒打底衫大码套装', '31.jpg', 147, 199, 10, 999, 1, 1, 1000, 147, '湖北随州', 16, 0, 5),
(32, '旭源母婴专营店', '源源妈咪孕妇纯色高领毛衣孕妇装秋冬针织衫加厚宽松孕妈装上衣潮', '32.jpg', 57, 99, 7, 999, 0, 1, 950, 57, '湖北随州', 16, 0, 4),
(33, '报喜主角旗舰店', '孕妇春装2018新款时尚款纯棉打底衫长袖t恤上衣孕妇春秋套装潮妈', '33.jpg', 7, 20, 8, 999, 1, 1, 970, 7, '湖北随州', 16, 0, 1),
(34, '资兰旗舰店', '孕妇连衣裙冬装时尚款2018新款韩版打底针织衫孕妇裙子春秋装上衣', '34.jpg', 37, 49, 5, 999, 1, 1, 990, 37, '湖北随州', 16, 0, 3),
(35, '十月娘子旗舰店', '2018孕妇春装新款上衣韩版孕妇装大码中长款长袖连衣裙打底衫春秋', '35.jpg', 1297, 1999, 2, 999, 1, 1, 920, 1297, '湖北随州', 16, 0, 7),
(36, '上海韵喜母婴专营店', '孕妇春装上衣新款孕妇连衣裙夏孕妇背带裙牛仔背心裙孕妇裙子套装', '36.jpg', 27, 39, 3, 999, 1, 1, 10, 27, '湖北随州', 16, 0, 2),
(37, '沐月母婴专营店', '孕妇装秋冬季韩版孕妇毛衣女中长款宽松冬装打底针织衫上衣外套', '37.jpg', 77, 123, 4, 999, 1, 1, 940, 77, '湖北随州', 16, 0, 4),
(38, '佐聚母婴专营店', '孕妇T恤新款韩版孕妇装春装上衣孕妇打底衫春秋款衣服2018潮春季', '38.jpg', 67, 99, 9, 999, 0, 1, 970, 67, '湖北随州', 16, 0, 4),
(39, '上海韵喜母婴专营店', '孕妇春装连衣裙2018新款韩版夏装中长款长袖孕妇裙子孕妇装上衣潮', '39.jpg', 167, 299, 1, 999, 1, 1, 920, 167, '湖北随州', 16, 0, 5),
(40, '甜蜜孕季旗舰店', '孕妇装春装连衣裙2018秋新款中长款时尚收腰显瘦孕妇装怀孕期上衣', '40.jpg', 397, 499, 6, 999, 1, 1, 999, 397, '湖北随州', 16, 0, 6),
(41, '曼可蔻莎旗舰店', '唐装戏服古装服装女仙女唐朝古代汉服演出服古典舞蹈公主贵妃女装', '41.jpg', 146, 199, 10, 999, 1, 1, 1000, 146, '湖北随州', 21, 0, 5),
(42, '蜜糖依恋旗舰店', '古装男宋朝公子服装书生秀才服 古代江南才子汉服 影视演出服戏服', '42.jpg', 56, 99, 7, 999, 0, 1, 950, 56, '湖北随州', 21, 0, 4),
(43, '卖戏装', '财神服装 活动庆典年会财神爷衣服戏服 演出迎新年高档财神服全套', '43.jpg', 6, 20, 8, 999, 1, 1, 970, 6, '湖北随州', 21, 0, 1),
(44, '神州戏剧', '财神服装开业庆典公司年会演出迎新年财神爷衣服财神戏曲表演服装', '44.jpg', 36, 49, 5, 999, 1, 1, 990, 36, '湖北随州', 21, 0, 3),
(45, 'raneryanyan', '财神服装cos古装公司年会演出开业庆典表演迎财神爷衣服财神戏服', '45.jpg', 1296, 1999, 2, 999, 1, 1, 920, 1296, '湖北随州', 21, 0, 7),
(46, '过去现在分词', '戏剧戏曲服装女古装京剧越剧花旦青衣梁祝唐伯虎点秋香演出服戏服', '46.jpg', 26, 39, 3, 999, 1, 1, 10, 26, '湖北随州', 21, 0, 2),
(47, '神州戏剧', '汉服女曲裾嫦娥仙女舞蹈服襦裙戏曲服装演出服学生古装毕业成人礼', '47.jpg', 76, 123, 4, 999, 1, 1, 940, 76, '湖北随州', 21, 0, 4),
(48, '永昌演出摄影服', '影视三生三世十里桃花折颜白真同款唯美男古装戏服仙侠客装表演服', '48.jpg', 66, 99, 9, 999, 0, 1, 970, 66, '湖北随州', 21, 0, 4),
(49, '网上婚纱有限公司', '包邮清朝皇帝皇后服装影视剧男女古装戏服皇帝龙袍皇太后服古装', '49.jpg', 166, 299, 1, 999, 1, 1, 920, 166, '湖北随州', 21, 0, 5),
(50, '郑yong刚', '古装越剧戏剧京剧黄梅戏服装戏曲服饰青衣花旦衣服小姐衣服女对披', '50.jpg', 396, 499, 6, 999, 1, 1, 999, 396, '湖北随州', 21, 0, 6),
(51, 'simwood旗舰店', 'Simwood简木男装秋冬休闲裤男修身男士纯棉直筒裤子欧美 男裤长裤', '51.jpg', 145, 199, 10, 999, 1, 1, 1000, 145, '湖北随州', 2, 0, 5),
(52, 'w2x旗舰店', '加绒加厚弹力男士裤子韩版商务休闲裤修身青年秋冬季西裤小脚男裤', '52.jpg', 55, 99, 7, 999, 0, 1, 950, 55, '湖北随州', 2, 0, 4),
(53, 'playboy度涵专卖店', '花花公子加绒牛仔裤男士秋冬款修身直筒宽松休闲加厚裤子男冬季', '53.jpg', 5, 20, 8, 999, 1, 1, 970, 5, '湖北随州', 2, 0, 1),
(54, 'playboy衡佳专卖店', '花花公子加绒休闲裤男修身秋冬季男裤弹力直筒青年裤子男士西裤', '54.jpg', 35, 49, 5, 999, 1, 1, 990, 35, '湖北随州', 2, 0, 3),
(55, 'selected官方旗舰店', '[800-80]SELECTED思莱德春季男含棉微弹商务休闲长裤C|417114537', '55.jpg', 1295, 1999, 2, 999, 1, 1, 920, 1295, '湖北随州', 2, 0, 7),
(56, 'playboy曼凡陀专卖店', '花花公子秋冬加绒加厚男士休闲裤修身小脚裤男韩版弹力运动裤子潮', '56.jpg', 25, 39, 3, 999, 1, 1, 10, 25, '湖北随州', 7, 0, 2),
(57, '兰彻服饰专营店', '波司登打底裤女加绒加厚秋冬外穿大码保暖裤显瘦高腰一体踩脚棉裤', '57.jpg', 75, 123, 4, 999, 1, 1, 940, 75, '湖北随州', 7, 0, 4),
(58, '莞婉旗舰店', '加绒加厚打底裤女外穿冬季2017新款高腰裤黑色修身小脚铅笔裤子女', '58.jpg', 65, 99, 9, 999, 0, 1, 970, 65, '湖北随州', 7, 0, 4),
(59, '韩晓妃旗舰店', '魔术裤女小脚秋冬季2017新款韩版百搭女裤黑色裤子加绒打底裤外穿', '59.jpg', 165, 299, 1, 999, 1, 1, 920, 165, '湖北随州', 7, 0, 5),
(60, '洛丽兰旗舰店', '加绒加厚打底裤女外穿2017高腰冬季新款棉裤黑色保暖小脚铅笔女裤', '60.jpg', 395, 499, 6, 999, 1, 1, 999, 395, '湖北随州', 7, 0, 6),
(61, '南极人飞雪专卖店', '南极人女童打底裤加绒加厚女秋冬季外穿儿童裤宝宝保暖棉裤子童装 男裤长裤', '61.jpg', 144, 199, 10, 999, 1, 1, 1000, 144, '湖北随州', 12, 0, 5),
(62, '噜噜豆旗舰店', '童装男童牛仔裤长裤秋装儿童秋冬加厚裤子男宝宝中大童加绒童裤潮', '62.jpg', 54, 99, 7, 999, 0, 1, 950, 54, '湖北随州', 12, 0, 4),
(63, 'hushpuppies童装旗舰店', '暇步士童装女童裤子秋冬装新款儿童单层长裤中大童加绒休闲裤', '63.jpg', 4, 20, 8, 999, 1, 1, 970, 4, '湖北随州', 12, 0, 1),
(64, '一贝皇城旗舰店', '童装男童裤子加绒长裤秋冬款中大儿童运动裤加厚2017新款休闲裤潮', '64.jpg', 34, 49, 5, 999, 1, 1, 990, 34, '湖北随州', 12, 0, 3),
(65, 'hushpuppies童装旗舰店', '暇步士童装女童打底裤2017新款冬装大童长裤儿童裙式假两件打底裤', '65.jpg', 1294, 1999, 2, 999, 1, 1, 920, 1294, '湖北随州', 12, 0, 7),
(66, '蜜噜噜旗舰店', '孕妇裤子潮妈外穿秋冬装冬季2018加绒加厚2017新款保暖棉裤打底裤', '66.jpg', 24, 39, 3, 999, 1, 1, 10, 24, '湖北随州', 17, 0, 2),
(67, '孕之优品旗舰店', '孕妇裤子秋冬加绒加厚外穿托腹纯棉运动裤春秋打底裤棉裤孕妇冬装', '67.jpg', 74, 123, 4, 999, 1, 1, 940, 74, '湖北随州', 17, 0, 4),
(68, 'nwqq旗舰店', '孕妇裤子秋冬牛仔裤冬季打底裤加绒加厚外穿长裤2017新款潮妈冬装', '68.jpg', 64, 99, 9, 999, 0, 1, 970, 64, '湖北随州', 17, 0, 4),
(69, '报喜主角旗舰店', '孕妇裤子秋季2017新款时尚托腹外穿打底裤加绒加厚显瘦孕妇牛仔裤', '69.jpg', 164, 299, 1, 999, 1, 1, 920, 164, '湖北随州', 17, 0, 5),
(70, '孕邦母婴旗舰店', '辣妈打底裤时尚韩版孕妇裤子加绒加厚秋冬季外穿小脚裤保暖棉裤', '70.jpg', 394, 499, 6, 999, 1, 1, 999, 394, '湖北随州', 17, 0, 6),
(71, 'asics旗舰店', 'ASICS亚瑟士GEL-EXALT支撑稳定跑鞋运动鞋 跑步鞋男鞋', '71.jpg', 143, 199, 10, 999, 1, 1, 1000, 143, '湖北随州', 3, 0, 5),
(72, '足力健旗舰店', '足力健安全老人鞋正品爸爸健步鞋中老年运动人防滑款男冬季休闲鞋', '72.jpg', 53, 99, 7, 999, 0, 1, 950, 53, '湖北随州', 3, 0, 4),
(73, '君诚鞋类专营店', '花花公子板鞋男运动休闲鞋加绒男鞋保暖棉鞋子男韩版潮流冬季潮鞋', '73.jpg', 3, 20, 8, 999, 1, 1, 970, 3, '湖北随州', 3, 0, 1),
(74, '上浮年代旗舰店', '秋季高帮鞋韩版男鞋学生帆布鞋男士休闲鞋子潮流板鞋潮鞋冬季棉鞋', '74.jpg', 33, 49, 5, 999, 1, 1, 990, 33, '湖北随州', 3, 0, 3),
(75, '卡宾男鞋旗舰店', '卡宾男鞋冬季韩版棉鞋高帮鞋男真皮板鞋潮流运动加绒保暖休闲鞋子', '75.jpg', 1293, 1999, 2, 999, 1, 1, 920, 1293, '湖北随州', 3, 0, 7),
(76, '足力健旗舰店', '足力健安全老人鞋正品女妈妈鞋冬季健步鞋中老年张凯丽运动休闲鞋', '76.jpg', 23, 39, 3, 999, 1, 1, 10, 23, '湖北随州', 8, 0, 2),
(77, 'zara官方旗舰店', 'ZARA 女鞋 黑色弹力袜式粗跟短靴 15102201040', '77.jpg', 73, 123, 4, 999, 1, 1, 940, 73, '湖北随州', 8, 0, 4),
(78, 'zara官方旗舰店', 'ZARA 女鞋 镀金属层粗跟短靴 16070201040', '78.jpg', 63, 99, 9, 999, 0, 1, 970, 63, '湖北随州', 8, 0, 4),
(79, '伊露鞋类专营店', '秋冬妈妈鞋短靴真皮软底女舒适加绒保暖中老年女鞋老人棉鞋女皮鞋', '79.jpg', 163, 299, 1, 999, 1, 1, 920, 163, '湖北随州', 8, 0, 5),
(80, '古奇天伦艾美莉专卖店', '跑步鞋一脚蹬休闲鞋女鞋子2017百搭2018新款春韩版加绒冬季运动鞋', '80.jpg', 393, 499, 6, 999, 1, 1, 999, 393, '湖北随州', 8, 0, 6),
(81, '柑晟鞋类专营店', '宝宝棉鞋学步鞋宝宝鞋子男0一1岁2春秋软底婴儿鞋冬机能鞋女童鞋', '81.jpg', 142, 199, 10, 999, 1, 1, 1000, 142, '湖北随州', 13, 0, 5),
(82, '富罗迷旗舰店', '富罗迷儿童鞋女童鞋子休闲鞋运动鞋秋冬2017新款真皮加绒公主皮鞋', '82.jpg', 52, 99, 7, 999, 0, 1, 950, 52, '湖北随州', 13, 0, 4),
(83, 'nike官方旗舰店', 'Nike 耐克官方NIKE COURT ROYALE (GS) 大童运动休闲童鞋 833535', '83.jpg', 2, 20, 8, 999, 1, 1, 970, 2, '湖北随州', 13, 0, 1),
(84, 'nike官方旗舰店', 'Nike 耐克官方 NIKE TANJUN (PSV) 幼童运动童鞋 844868', '84.jpg', 32, 49, 5, 999, 1, 1, 990, 32, '湖北随州', 13, 0, 3),
(85, '木木兔旗舰店', '女童鞋子秋款2017新款儿童运动鞋秋冬季百搭男童加绒休闲韩版女孩', '85.jpg', 1292, 1999, 2, 999, 1, 1, 920, 1292, '湖北随州', 13, 0, 7),
(86, 'ozzeg鞋类旗舰店', 'OZZEG豆豆鞋女流苏羊皮毛一体加绒孕妇棉鞋冬季保暖妈妈鞋Z3799', '86.jpg', 22, 39, 3, 999, 1, 1, 10, 22, '湖北随州', 18, 0, 2),
(87, '爱美手册旗舰店', '大码女鞋41-43秋冬新款平跟蝴蝶结平底单鞋孕妇鞋真皮软底妈妈鞋', '87.jpg', 72, 123, 4, 999, 1, 1, 940, 72, '湖北随州', 18, 0, 4),
(88, '咕羊羊旗舰店', '咕羊羊月子鞋冬季包跟产后产妇冬天室内厚底孕妇拖鞋秋冬防滑软底', '88.jpg', 62, 99, 9, 999, 0, 1, 970, 62, '湖北随州', 18, 0, 4),
(89, '子初旗舰店', '子初 月子鞋春秋冬季包跟产后防滑软底孕产妇室内平底保暖透气鞋', '89.jpg', 162, 299, 1, 999, 1, 1, 920, 162, '湖北随州', 18, 0, 5),
(90, '十月结晶旗舰店', '十月结晶月子鞋秋冬季拖鞋室内保暖防滑包跟产妇用品居家拖鞋孕妇', '90.jpg', 392, 499, 6, 999, 1, 1, 999, 392, '湖北随州', 18, 0, 6),
(91, '动感帽饰专营店', '帽子男女冬天韩版百搭潮情侣毛线帽羊毛针织帽保暖护耳包头套头帽', '91.jpg', 141, 199, 10, 999, 1, 1, 1000, 141, '湖北随州', 4, 0, 5),
(92, '邦士龙旗舰店', '男士帽子冬季青年保暖加厚针织毛线帽韩版潮加绒冬天棉帽防寒套头', '92.jpg', 51, 99, 7, 999, 0, 1, 950, 51, '湖北随州', 4, 0, 4),
(93, '米黛洛旗舰店', '冬季男士帽子韩版潮时尚毛线帽保暖针织冬天防寒棉帽青年户外骑车', '93.jpg', 1, 20, 8, 999, 1, 1, 970, 1, '湖北随州', 4, 0, 1),
(94, 'cacuss旗舰店', 'CACUSS羊毛毛线帽男女帽子冬天针织帽子男士帽子冬保暖潮毛线帽女', '94.jpg', 31, 49, 5, 999, 1, 1, 990, 31, '湖北随州', 4, 0, 3),
(95, 'dreamsinavila旗舰店', '新款帽子男士冬天加绒毛线帽韩版保暖针织帽2017时尚套头帽护耳帽', '95.jpg', 1291, 1999, 2, 999, 1, 1, 920, 1291, '湖北随州', 4, 0, 7),
(96, '艾丹尼旗舰店', '秋冬中老年帽子女兔毛针织毛线帽奶奶老人帽子冬季中年妈妈帽围巾', '96.jpg', 21, 39, 3, 999, 1, 1, 10, 21, '湖北随州', 9, 0, 2),
(97, '艾丹尼旗舰店', '秋冬季中老年人针织帽双层老人帽子女冬天妈妈兔毛帽毛线围巾套帽', '97.jpg', 71, 123, 4, 999, 1, 1, 940, 71, '湖北随州', 9, 0, 4),
(98, '迪卡侬旗舰店', '迪卡侬 渔夫帽子 男女夏透气可折叠防晒太阳帽遮阳帽FORCLAZ3', '98.jpg', 61, 99, 9, 999, 0, 1, 970, 61, '湖北随州', 9, 0, 4),
(99, '艾莱客服饰旗舰店', '迪卡侬 成人男女情侣亲子帽子 冬季保暖滑雪帽针织帽 WEDZE3', '99.jpg', 161, 299, 1, 999, 1, 1, 920, 161, '湖北随州', 9, 0, 5),
(100, '艾佳微旗舰店', '兔毛帽子女冬季时尚潮韩版加绒保暖可爱百搭鸭舌帽冬天针织毛线帽', '100.jpg', 391, 499, 6, 999, 1, 1, 999, 391, '湖北随州', 9, 0, 6),
(101, '创悦母婴专营店', '婴儿帽子春秋0-3-6-12个月男童女宝宝帽子秋冬季新生儿保暖毛线帽', '101.jpg', 140, 199, 10, 999, 1, 1, 1000, 140, '湖北随州', 14, 0, 5),
(102, '小心肝旗舰店', '秋冬宝宝毛线帽子儿童加绒女童0婴儿1男童2女孩3韩版潮针织帽4岁', '102.jpg', 50, 99, 7, 999, 0, 1, 950, 50, '湖北随州', 14, 0, 4),
(103, '公主妈妈小飞羊专卖', '婴儿帽子春秋0-3-6-12个月满月帽男女宝宝帽纯棉新生儿胎帽秋冬', '103.jpg', 0, 20, 8, 999, 1, 1, 970, 0, '湖北随州', 14, 0, 1),
(104, '米黛洛旗舰店', '冬季男士帽子韩版潮时尚毛线帽保暖针织冬天防寒棉帽青年户外骑车', '104.jpg', 30, 49, 5, 999, 1, 1, 990, 30, '湖北随州', 14, 0, 3),
(105, '好孩子官方旗舰店', 'gb好孩子2017秋冬新款薄款婴儿帽子男女童帽子婴儿纯棉帽子', '105.jpg', 1290, 1999, 2, 999, 1, 1, 920, 1290, '湖北随州', 14, 0, 7),
(106, '宁波美亲母婴专营店', '坐月子帽冬天产后保暖防风产妇时尚孕妇帽子冬季头巾春秋冬款用品', '106.jpg', 20, 39, 3, 999, 1, 1, 10, 20, '湖北随州', 19, 0, 2),
(107, '莱比母婴专营店', '产后坐月子帽子保暖防风春秋冬季款孕妇产妇头巾冒女冬天用品时尚', '107.jpg', 70, 123, 4, 999, 1, 1, 940, 70, '湖北随州', 19, 0, 4),
(108, '妈妈果旗舰店', '坐月子帽子孕妇冒孕产妇春秋冬季款产后保暖防风冬天头巾用品时尚', '108.jpg', 60, 99, 9, 999, 0, 1, 970, 60, '湖北随州', 19, 0, 4),
(109, '子初旗舰店', '子初月子帽冬产后保暖产妇帽头巾时尚孕妇帽子产后透气坐月子用品', '109.jpg', 160, 299, 1, 999, 1, 1, 920, 160, '湖北随州', 19, 0, 5),
(110, '咕羊羊旗舰店', '咕羊羊秋冬季月子帽产后时尚产妇帽子坐月子用品保暖春秋季孕妇帽', '110.jpg', 390, 499, 6, 999, 1, 1, 999, 390, '湖北随州', 19, 0, 6),
(111, '七匹狼伊莎轩专卖店', '七匹狼袜子男士纯棉秋冬款男袜中筒加厚棉袜全棉运动冬季防臭长袜', '111.jpg', 147, 199, 10, 999, 1, 1, 1000, 147, '湖北随州', 5, 0, 5),
(112, 'playboy内衣旗舰店', '花花公子袜子男纯棉中筒秋冬款短袜防臭棉袜男袜加厚男士长袜冬季', '112.jpg', 57, 99, 7, 999, 0, 1, 950, 57, '湖北随州', 5, 0, 4),
(113, '天猫超市', '南极人棉袜8双装男女袜运动中筒商务休闲精品袜子', '113.jpg', 7, 20, 8, 999, 1, 1, 970, 7, '湖北随州', 5, 0, 1),
(114, '悠素旗舰店', '俞兆林袜子男中筒棉袜防臭吸湿排汗商务男袜秋冬保暖袜', '114.jpg', 37, 49, 5, 999, 1, 1, 990, 37, '湖北随州', 5, 0, 3),
(115, 's你旗舰店', '七匹狼商务休闲中筒男袜子男式吸汗透气纯色袜91486', '115.jpg', 1297, 1999, 2, 999, 1, 1, 920, 1297, '湖北随州', 5, 0, 7),
(116, '波司登威尔科专卖店', '波司登女士棉袜秋冬季加厚保暖袜子卡通刺绣中筒袜运动袜女防臭袜', '116.jpg', 27, 39, 3, 999, 1, 1, 10, 27, '湖北随州', 10, 0, 2),
(117, '优衣库官方旗舰店', '女装 袜子(3双装) 406266 优衣库UNIQLO', '117.jpg', 77, 123, 4, 999, 1, 1, 940, 77, '湖北随州', 10, 0, 4),
(118, '莫然旗舰店', '南极人棉袜8双装男女袜运动中筒商务休闲精品袜子', '118.jpg', 67, 99, 9, 999, 0, 1, 970, 67, '湖北随州', 10, 0, 4),
(119, '南极人易淘专卖店', '南极人女士袜子浅口低帮船袜隐形袜可爱纯色学生短袜纯棉中筒袜女', '119.jpg', 167, 299, 1, 999, 1, 1, 920, 167, '湖北随州', 10, 0, 5),
(120, '南极人官方旗舰', '女装 短袜(7双装) 402936 优衣库UNIQLO', '120.jpg', 397, 499, 6, 999, 1, 1, 999, 397, '湖北随州', 10, 0, 6),
(121, '多妙屋母婴旗舰店', '儿童连裤袜加绒加厚秋冬女童白色舞蹈袜中大童装保暖打底裤子宝宝', '121.jpg', 147, 199, 10, 999, 1, 1, 1000, 147, '湖北随州', 15, 0, 5),
(122, '艺术佳童装旗舰店', '儿童袜子纯棉中筒袜男童女童宝宝袜秋冬加厚婴儿袜3-5-7-9中大童', '122.jpg', 57, 99, 7, 999, 0, 1, 950, 57, '湖北随州', 15, 0, 4),
(123, '巴拉巴拉官方旗舰', '巴拉巴拉童装男童袜子中大童春装2018新款儿童透气中筒袜五双装男', '123.jpg', 7, 20, 8, 999, 1, 1, 970, 7, '湖北随州', 15, 0, 1),
(124, '布加迪服饰专营店', '巴拉巴拉童装女童多色儿童袜子春装2018新款松口中高筒袜五双装女', '124.jpg', 37, 49, 5, 999, 1, 1, 990, 37, '湖北随州', 15, 0, 3),
(125, '优贝宜旗舰店', '优贝宜 5双装 儿童袜子 秋冬季 宝宝棉袜 男童女童短袜1-3-5-7岁', '125.jpg', 1297, 1999, 2, 999, 1, 1, 920, 1297, '湖北随州', 15, 0, 7),
(126, '亲妃旗舰店', '孕妇裤袜连脚丝袜秋冬打底袜打底裤加绒加厚袜子冬托腹连裤袜袜裤', '126.jpg', 27, 39, 3, 999, 1, 1, 10, 27, '湖北随州', 20, 0, 2),
(127, '萌茁旗舰店', '孕妇丝袜秋冬加绒加厚连裤袜托腹可调节春秋连体袜子踩脚打底裤袜', '127.jpg', 77, 123, 4, 999, 1, 1, 940, 77, '湖北随州', 20, 0, 4),
(128, '南极人舒问专卖店', '南极人地板袜子睡眠月子袜纯棉批发保暖加厚加绒冬季毛袜子女中筒', '128.jpg', 67, 99, 9, 999, 0, 1, 970, 67, '湖北随州', 20, 0, 4),
(129, '昕愫旗舰店', '孕妇打底袜裤袜丝袜秋冬连裤袜子冬季托腹加厚打底裤加绒连脚踩脚', '129.jpg', 167, 299, 1, 999, 1, 1, 920, 167, '湖北随州', 20, 0, 5),
(130, '黛琳宝旗舰店', '孕妇丝袜托腹可调节薄款春秋打底袜裤袜连体袜秋冬孕妇连裤袜子', '130.jpg', 397, 499, 6, 999, 1, 1, 999, 397, '湖北随州', 20, 0, 6);

-- --------------------------------------------------------

--
-- 表的结构 `shopimg`
--

CREATE TABLE `shopimg` (
  `id` int(10) UNSIGNED NOT NULL AUTO_INCREMENT primary key,
  `shop_id` int(10) UNSIGNED NOT NULL COMMENT '商品id',
  `img` varchar(50) NOT NULL COMMENT '商品图片',
  `info` varchar(50) NOT NULL COMMENT '详情图片'
) ENGINE=MyISAM DEFAULT CHARSET=utf8;

--
-- 转存表中的数据 `shopimg`
--

INSERT INTO `shopimg` (`id`, `shop_id`, `img`, `info`) VALUES
(1, 1, '15159984241929153334.jpg', '201709141159234840.png'),
(2, 1, '15159984241929153334.jpg', '201709141159234840.png'),
(3, 1, '15159984241929153334.jpg', '201709141159234840.png'),
(4, 1, '15159984241929153334.jpg', '201709141159234840.png'),
(5, 2, '15159984241929153334.jpg', '201709141159234840.png'),
(6, 2, '15159984241929153334.jpg', '201709141159234840.png'),
(7, 3, '15159984241929153334.jpg', '201709141159234840.png'),
(8, 3, '15159984241929153334.jpg', '201709141159234840.png'),
(9, 3, '15159984241929153334.jpg', '201709141159234840.png'),
(10, 4, '15159984241929153334.jpg', '201709141159234840.png'),
(11, 4, '15159984241929153334.jpg', '201709141159234840.png'),
(12, 4, '15159984241929153334.jpg', '201709141159234840.png'),
(13, 1, '1516347376591700496.jpg', '15163473761751895601.jpg'),
(14, 1, '1516348008492472886.jpg', ''),
(27, 1, '1516349342587701255.jpg', '15163493421205423912.png'),
(26, 1, '1516349314757848530.jpg', '15163493142009012497.png'),
(25, 1, '15163491382126967637.jpg', '1516349138794968767.png');

-- --------------------------------------------------------

--
-- 表的结构 `shopkeywords`
--

CREATE TABLE `shopkeywords` (
  `id` int(10) UNSIGNED NOT NULL COMMENT 'is' AUTO_INCREMENT primary key,
  `shop_id` int(10) UNSIGNED NOT NULL COMMENT '商品',
  `keyword_id` int(10) UNSIGNED NOT NULL COMMENT '关键字'
) ENGINE=MyISAM DEFAULT CHARSET=utf8;

--
-- 转存表中的数据 `shopkeywords`
--

INSERT INTO `shopkeywords` (`id`, `shop_id`, `keyword_id`) VALUES
(1, 1, 1),
(2, 1, 2),
(3, 1, 3),
(4, 2, 1),
(5, 2, 2),
(6, 2, 3),
(7, 3, 1),
(8, 3, 2),
(9, 3, 3),
(49, 5, 5),
(48, 5, 4),
(47, 5, 3),
(46, 5, 2),
(16, 6, 1),
(17, 6, 2),
(18, 7, 4),
(19, 7, 5),
(45, 5, 1),
(44, 8, 3);

-- --------------------------------------------------------

--
-- 表的结构 `shopping`
--

CREATE TABLE `shopping` (
  `id` int(10) UNSIGNED NOT NULL COMMENT 'id' AUTO_INCREMENT primary key,
  `user_id` int(10) UNSIGNED NOT NULL COMMENT '用户',
  `shop_id` int(10) UNSIGNED NOT NULL COMMENT '商品',
  `num` tinyint(4) NOT NULL DEFAULT '1' COMMENT '数量'
) ENGINE=MyISAM DEFAULT CHARSET=utf8;

--
-- 转存表中的数据 `shopping`
--

INSERT INTO `shopping` (`id`, `user_id`, `shop_id`, `num`) VALUES
(3, 4, 3, 13),
(4, 2, 2, 1);

-- --------------------------------------------------------

--
-- 表的结构 `states`
--

CREATE TABLE `states` (
  `id` int(10) UNSIGNED NOT NULL COMMENT 'id' AUTO_INCREMENT primary key,
  `state` varchar(30) NOT NULL COMMENT '订单状态'
) ENGINE=MyISAM DEFAULT CHARSET=utf8;

--
-- 转存表中的数据 `states`
--

INSERT INTO `states` (`id`, `state`) VALUES
(1, '未付款'),
(2, '已付款未发货'),
(3, '已付款已发货'),
(4, '已付款已收货'),
(5, '申请退货中'),
(6, '退货已完成');

-- --------------------------------------------------------

--
-- 表的结构 `user`
--

CREATE TABLE `user` (
  `id` int(10) UNSIGNED NOT NULL COMMENT 'id' AUTO_INCREMENT primary key,
  `username` varchar(30) NOT NULL COMMENT '用户名',
  `password` char(32) NOT NULL COMMENT '密码',
  `isadmin` tinyint(4) NOT NULL DEFAULT '0'
) ;

--
-- 转存表中的数据 `user`
--

INSERT INTO `user` (`id`, `username`, `password`, `isadmin`) VALUES
(1, 'admin', '202cb962ac59075b964b07152d234b70', 1),
(2, 'user1', '202cb962ac59075b964b07152d234b70', 0),
(3, 'user3', '202cb962ac59075b964b07152d234b70', 0),
(4, 'user4', 'e10adc3949ba59abbe56e057f20f883e', 0),
(5, 'user5', '202cb962ac59075b964b07152d234b70', 0),
(6, 'user6', '202cb962ac59075b964b07152d234b70', 0),
(7, 'user7', '202cb962ac59075b964b07152d234b70', 0),
(8, 'user8', '202cb962ac59075b964b07152d234b70', 0),
(9, 'user9', '202cb962ac59075b964b07152d234b70', 0),
(10, 'user10', '202cb962ac59075b964b07152d234b70', 0),
(11, 'user11', '202cb962ac59075b964b07152d234b70', 0),
(12, 'user12', '202cb962ac59075b964b07152d234b70', 0),
(13, 'user13', '202cb962ac59075b964b07152d234b70', 0),
(14, 'user14', '202cb962ac59075b964b07152d234b70', 0),
(15, 'user15', '202cb962ac59075b964b07152d234b70', 0),
(16, 'user16', '202cb962ac59075b964b07152d234b70', 0),
(17, 'user17', '202cb962ac59075b964b07152d234b70', 0),
(18, 'user18', '202cb962ac59075b964b07152d234b70', 0),
(19, 'user19', '202cb962ac59075b964b07152d234b70', 0),
(20, 'user20', '202cb962ac59075b964b07152d234b70', 0),
(21, 'user21', 'e10adc3949ba59abbe56e057f20f883e', 0),
(22, 'user22', 'e10adc3949ba59abbe56e057f20f883e', 0);

